date,datetime,win,map_code,map_name,agent,agent_en,tier_before,tier_after,rr_earned,rr_after,rounds_played,rounds_won,kills,deaths,assists,kda_ratio,score,headshots,bodyshots,legshots,headshot_rate,damage,adr,kast,economy_score,first_kills,plants,defuses,clutches,aces,thrifty,flawless,triple_kills,quadra_kills,penta_kills,duration_min,match_mvp,team_mvp,svp
2026-09-21,2026-09-21 20:57:31,1,Ascent,亚海悬城,捷风,Jett,11,11,22,63,15,13,7,7,6,1.857,2092,3,29,0,0.429,1413,94.2,0,31,1,2,0,0,0,0,1,0,0,0,21.86,0,0,0
2026-09-19,2026-09-19 00:07:46,1,Juliett,日落之城,暮蝶,Clove,11,11,25,41,17,13,21,12,8,2.417,6266,16,54,1,0.762,4175,245.6,0,87,2,0,0,0,0,0,2,1,2,0,30.65,1,0,0
2026-09-18,2026-09-18 23:23:55,1,Jam,莲华古城,芮娜,Reyna,11,11,16,16,18,13,10,14,3,0.929,3308,3,38,2,0.3,2170,120.6,0,51,1,0,0,0,0,0,0,0,0,0,29.26,0,0,0
2026-09-18,2026-09-18 19:52:00,0,Triad,隐世修所,芮娜,Reyna,11,11,-19,0,23,10,17,21,8,1.19,5060,14,42,0,0.824,3752,163.1,0,60,6,1,0,0,0,0,0,2,0,0,40.82,0,0,0
2026-09-17,2026-09-17 21:31:24,0,Infinity,幽邃地窟,尚勃勒,Chamber,11,11,-16,18,20,7,17,16,1,1.125,4591,8,31,3,0.471,3113,155.7,0,36,3,0,2,0,0,0,0,2,0,0,35.58,0,0,0
2026-09-17,2026-09-17 20:47:04,1,Jam,莲华古城,迷核,Miks,11,11,16,34,20,13,12,13,16,2.154,3621,3,38,2,0.25,2013,100.7,0,22,0,0,0,0,0,0,0,0,0,0,32.38,0,0,0
2026-09-16,2026-09-16 22:17:47,1,Plummet,天枢云阙,迷核,Miks,11,11,18,18,18,13,11,12,12,1.917,3514,5,32,1,0.455,2339,129.9,0,58,2,0,0,0,0,0,2,0,0,0,30.19,0,0,0
2026-09-16,2026-09-16 21:44:57,0,Juliett,日落之城,尚勃勒,Chamber,11,11,-19,0,24,11,12,21,6,0.857,3800,5,31,0,0.417,2154,89.8,0,23,1,1,0,0,0,0,0,0,0,0,41.34,0,0,0
2026-09-16,2026-09-16 15:40:51,0,Bonsai,霓虹町,不死鸟,Phoenix,11,11,-24,6,19,6,5,16,4,0.562,2052,3,33,6,0.6,1885,99.2,0,32,1,0,0,0,0,0,1,0,0,0,29.98,0,0,0
2026-09-14,2026-09-14 16:42:50,1,Infinity,幽邃地窟,捷风,Jett,11,11,20,30,21,13,16,16,2,1.125,4466,8,34,7,0.5,2686,127.9,0,40,3,0,1,0,0,0,1,1,0,0,37.0,0,0,0
2026-09-12,2026-09-12 17:53:48,1,Infinity,幽邃地窟,芮娜,Reyna,10,11,15,10,23,13,25,21,9,1.619,7099,15,63,0,0.6,4497,195.5,0,62,6,0,0,0,0,0,0,1,0,0,35.8,0,0,0
2026-09-12,2026-09-12 17:15:09,1,Bonsai,霓虹町,零,Cypher,10,10,16,88,21,13,24,11,5,2.636,6128,18,40,1,0.75,3782,180.1,0,82,1,0,0,0,0,0,0,1,1,0,38.25,1,0,0
2026-09-11,2026-09-11 19:27:39,0,Triad,隐世修所,迷核,Miks,10,10,-16,72,23,10,24,15,9,2.2,7377,14,74,3,0.583,4562,198.3,0,48,2,0,1,0,0,0,2,2,0,0,36.65,1,0,1
2026-09-10,2026-09-10 22:31:46,1,Juliett,日落之城,芮娜,Reyna,10,10,23,88,22,13,13,18,5,1.0,4161,12,36,4,0.923,3250,147.7,0,38,4,0,0,0,0,0,0,0,1,0,37.51,0,0,0
2026-09-10,2026-09-10 21:50:34,1,Bonsai,霓虹町,不死鸟,Phoenix,10,10,26,65,22,13,16,15,13,1.933,5353,10,59,3,0.625,4239,192.7,0,49,1,0,0,0,0,0,0,0,0,0,36.4,0,0,0
2026-09-10,2026-09-10 20:26:06,1,Jam,莲华古城,不死鸟,Phoenix,10,10,39,39,15,13,19,5,6,5.0,5001,12,37,2,0.632,3301,220.1,0,67,3,0,0,0,0,0,1,2,0,0,24.17,1,0,0
2026-09-09,2026-09-09 21:00:55,0,Infinity,幽邃地窟,捷风,Jett,10,10,-17,0,26,12,23,19,8,1.632,6967,14,74,5,0.609,4960,190.8,0,42,5,1,0,0,0,0,0,2,0,0,52.9,0,1,1
2026-09-09,2026-09-09 14:33:50,1,Ascent,亚海悬城,尚勃勒,Chamber,10,10,16,16,21,13,11,11,3,1.273,3188,3,18,0,0.273,1838,87.5,0,23,1,0,0,0,0,1,2,1,0,0,33.64,0,0,0
2026-09-09,2026-09-09 13:58:36,0,Jam,莲华古城,不死鸟,Phoenix,10,10,-25,0,23,10,6,20,6,0.6,2186,3,29,9,0.5,1754,76.3,0,19,0,0,0,0,0,0,0,0,0,0,37.84,0,0,0
2026-09-08,2026-09-08 22:13:06,0,Ascent,亚海悬城,零,Cypher,10,10,0,17,28,14,13,21,6,0.905,4392,12,58,6,0.923,3814,136.2,0,29,0,2,0,0,0,0,0,1,0,0,55.39,0,0,0
2026-09-08,2026-09-08 21:14:30,1,Juliett,日落之城,贤者,Sage,9,10,19,17,23,13,16,15,11,1.8,4295,9,38,1,0.562,2622,114.0,0,32,0,1,0,0,0,0,1,1,0,0,36.98,0,0,0
2026-09-07,2026-09-07 21:47:01,1,Juliett,日落之城,迷核,Miks,9,9,21,98,24,13,18,14,8,1.857,5282,10,49,8,0.556,3742,155.9,0,38,4,2,0,0,0,0,2,0,0,0,46.57,0,0,0
2026-09-07,2026-09-07 20:58:08,1,Triad,隐世修所,迷核,Miks,9,9,26,77,17,13,19,7,11,4.286,5368,10,58,7,0.526,3520,207.1,0,60,0,0,0,0,0,0,3,2,0,0,30.48,0,0,0
2026-09-07,2026-09-07 19:04:14,1,Jam,莲华古城,铁臂,Breach,9,9,22,51,22,13,21,14,9,2.143,6328,12,63,5,0.571,4264,193.8,0,58,2,0,0,0,0,0,1,3,0,0,33.47,0,0,0
2026-09-06,2026-09-06 16:07:41,0,Infinity,幽邃地窟,捷风,Jett,9,9,2,29,26,13,23,22,6,1.318,6560,13,64,5,0.565,4604,177.1,0,42,5,0,0,0,0,0,1,1,0,0,45.8,0,0,0
2026-09-03,2026-09-03 02:34:41,1,Plummet,天枢云阙,捷风,Jett,8,9,28,27,19,13,19,13,7,2.0,6020,12,49,7,0.632,4073,214.4,0,90,3,0,0,0,0,0,0,2,0,0,33.57,0,1,0
2026-09-03,2026-09-03 01:59:13,1,Ascent,亚海悬城,捷风,Jett,8,8,17,99,28,15,22,18,7,1.611,6094,11,48,8,0.5,3786,135.2,0,48,2,0,0,0,0,0,2,2,0,0,42.69,0,0,0
2026-09-02,2026-09-02 21:31:12,0,Jam,莲华古城,铁臂,Breach,9,8,-18,82,17,4,13,16,3,1.0,3616,6,31,1,0.462,2055,120.9,0,38,2,5,0,0,0,0,0,1,1,0,28.55,0,0,0
2026-09-02,2026-09-02 21:00:33,0,Juliett,日落之城,捷风,Jett,9,9,-18,0,21,8,17,17,6,1.353,5200,15,37,2,0.882,3524,167.8,0,45,3,0,0,0,0,0,2,3,0,0,39.83,0,1,1
2026-09-01,2026-09-01 23:10:02,0,Triad,隐世修所,迷核,Miks,9,9,-12,0,23,10,21,18,7,1.556,5425,5,58,10,0.238,3184,138.4,0,30,0,1,0,0,0,0,0,1,1,0,36.51,0,0,0
2026-09-01,2026-09-01 22:31:27,0,Jam,莲华古城,不死鸟,Phoenix,9,9,-26,0,23,10,12,19,7,1.0,4385,7,48,8,0.583,3179,138.2,0,41,2,0,0,0,0,0,2,0,0,0,37.45,0,0,0
2026-08-31,2026-08-31 22:51:07,0,Triad,隐世修所,暮蝶,Clove,9,9,-20,26,14,1,7,13,2,0.692,2428,5,25,4,0.714,1811,129.4,0,47,0,2,0,0,0,0,0,1,0,0,19.77,0,0,0
2026-08-31,2026-08-31 22:28:48,1,Bonsai,霓虹町,贤者,Sage,9,9,20,46,19,13,10,11,12,2.0,2893,6,30,4,0.6,1929,101.5,0,26,1,0,0,0,0,0,3,0,1,0,28.91,0,0,0
2026-08-31,2026-08-31 21:51:35,0,Bonsai,霓虹町,不死鸟,Phoenix,9,9,-15,26,16,3,6,12,4,0.833,2213,2,31,3,0.333,1610,100.6,0,52,1,0,0,0,0,0,0,0,0,0,20.09,0,0,0
2026-08-31,2026-08-31 21:09:02,0,Plummet,天枢云阙,芮娜,Reyna,9,9,-11,41,23,10,19,17,9,1.647,5885,8,61,3,0.421,3841,167.0,0,61,4,0,0,0,0,0,0,3,0,0,38.04,0,0,0
2026-08-31,2026-08-31 20:27:39,1,Infinity,幽邃地窟,捷风,Jett,9,9,33,52,18,13,20,11,5,2.273,5238,8,42,6,0.4,3305,183.6,0,78,4,0,0,0,0,0,2,3,0,0,30.97,0,0,0
2026-08-28,2026-08-28 17:03:44,1,Juliett,日落之城,暮蝶,Clove,8,9,23,19,23,13,23,15,10,2.2,6725,14,66,10,0.609,4536,197.2,0,65,1,0,0,0,0,0,3,3,0,0,38.39,0,0,0
2026-08-28,2026-08-28 16:22:01,1,Ascent,亚海悬城,芮娜,Reyna,8,8,28,96,17,13,13,7,10,3.286,3988,10,42,3,0.769,3338,196.4,0,43,1,1,0,0,0,0,1,0,0,0,28.72,0,0,0
2026-08-28,2026-08-28 15:49:51,0,Juliett,日落之城,暮蝶,Clove,8,8,-17,68,26,12,26,20,7,1.65,6996,15,51,4,0.577,4533,174.3,0,47,2,0,1,0,0,0,3,1,1,0,44.96,0,0,0
2026-08-24,2026-08-24 13:55:38,1,Jam,莲华古城,不死鸟,Phoenix,8,8,16,85,19,13,9,14,6,1.071,3022,6,34,3,0.667,2293,120.7,0,32,0,0,0,0,0,0,0,0,0,0,30.94,0,0,0
2026-08-24,2026-08-24 13:22:41,0,Bonsai,霓虹町,不死鸟,Phoenix,8,8,-9,69,23,10,20,18,10,1.667,6534,13,63,8,0.65,4621,200.9,0,52,5,0,0,0,0,0,1,3,0,0,35.9,0,0,0
2026-08-18,2026-08-18 21:21:09,0,Ascent,亚海悬城,不死鸟,Phoenix,8,8,0,78,28,14,12,21,10,1.048,4135,6,50,2,0.5,2925,104.5,0,25,3,0,0,0,0,0,1,1,0,0,47.2,0,0,0
2026-08-18,2026-08-18 18:51:24,1,Jam,莲华古城,不死鸟,Phoenix,8,8,35,78,17,13,18,8,4,2.75,4643,8,39,1,0.444,2888,169.9,0,99,2,0,1,0,1,0,2,2,0,1,26.6,0,0,0
2026-08-15,2026-08-15 22:58:25,1,Juliett,日落之城,芮娜,Reyna,8,8,27,43,26,14,27,18,9,2.0,8037,17,82,11,0.63,5686,218.7,0,78,3,1,1,1,0,0,2,1,2,0,51.2,1,0,0
2026-08-15,2026-08-15 21:53:27,0,Ascent,亚海悬城,芮娜,Reyna,8,8,-17,16,21,8,18,18,5,1.278,5259,12,43,3,0.667,3611,172.0,0,54,1,0,0,0,0,0,0,1,0,0,38.96,0,0,0
2026-08-12,2026-08-12 22:57:14,1,Foxtrot,微风岛屿,芮娜,Reyna,8,8,23,33,21,13,19,15,6,1.667,5522,10,54,4,0.526,3537,168.4,0,56,4,0,1,0,0,0,2,0,0,0,40.73,0,0,0
2026-08-12,2026-08-12 22:10:27,1,Bonsai,霓虹町,雷兹,Raze,7,8,20,10,17,13,11,10,4,1.5,3021,6,36,4,0.545,2000,117.6,0,36,1,1,0,0,0,0,2,0,0,0,31.05,0,0,0
2026-08-12,2026-08-12 18:14:43,1,Triad,隐世修所,暮蝶,Clove,7,7,20,80,21,13,22,15,4,1.733,6251,13,67,4,0.591,4293,204.4,0,66,4,0,1,0,0,0,1,1,1,0,33.0,0,0,0
2026-08-12,2026-08-12 17:37:42,1,Ascent,亚海悬城,芮娜,Reyna,7,7,24,60,13,13,11,4,2,3.25,2650,3,26,1,0.273,1702,130.9,0,50,1,0,2,0,0,0,2,2,0,0,20.57,0,0,0
2026-08-12,2026-08-12 17:14:46,1,Jam,莲华古城,雷兹,Raze,7,7,36,36,18,13,24,5,5,5.8,5971,7,57,6,0.292,4115,228.6,0,132,2,2,1,0,1,0,1,1,0,1,27.48,1,0,0
2026-08-12,2026-08-12 01:11:32,0,Ascent,亚海悬城,暮蝶,Clove,7,7,-21,0,20,7,15,18,10,1.389,4564,6,37,8,0.4,3054,152.7,0,61,1,1,0,0,0,0,0,0,0,0,32.22,0,0,0
2026-08-12,2026-08-12 00:36:12,1,Bonsai,霓虹町,贤者,Sage,7,7,13,13,23,13,24,11,9,3.0,6303,14,69,7,0.583,4223,183.6,0,67,1,0,0,1,0,0,0,2,1,0,38.48,0,0,0
2026-08-11,2026-08-11 23:56:07,0,Plummet,天枢云阙,迷核,Miks,7,7,-10,0,21,8,26,14,13,2.786,7828,19,72,4,0.731,5355,255.0,0,91,2,0,3,0,0,0,0,2,1,0,39.66,0,1,1
2026-08-07,2026-08-07 23:30:13,0,Jam,莲华古城,迷核,Miks,7,7,-11,5,26,12,10,16,14,1.5,3207,6,30,1,0.6,1990,76.5,0,32,1,6,1,0,0,0,3,1,0,0,42.66,0,0,0
2026-08-07,2026-08-07 22:41:11,0,Plummet,天枢云阙,捷风,Jett,7,7,-15,16,24,11,8,18,6,0.778,2581,6,32,6,0.75,1885,78.5,0,30,0,0,0,0,0,0,0,0,0,0,41.05,0,0,0
2026-08-07,2026-08-07 21:46:36,1,Triad,隐世修所,芮娜,Reyna,7,7,19,37,22,13,18,17,2,1.176,4670,9,44,1,0.5,2730,124.1,0,41,3,0,0,0,0,0,1,1,0,0,37.89,0,0,0
2026-08-06,2026-08-06 18:09:23,0,Juliett,日落之城,暮蝶,Clove,7,7,-25,18,20,7,11,19,7,0.947,3603,4,49,3,0.364,2366,118.3,0,47,2,0,1,0,0,0,1,1,0,0,32.88,0,0,0
2026-08-06,2026-08-06 17:34:17,1,Ascent,亚海悬城,捷风,Jett,7,7,16,43,23,13,11,17,4,0.882,3566,9,37,5,0.818,2693,117.1,0,33,1,0,0,1,0,1,1,1,0,0,41.38,0,0,0
2026-08-06,2026-08-06 16:50:55,0,Triad,隐世修所,捷风,Jett,7,7,-22,27,22,9,11,21,5,0.762,3811,10,25,7,0.909,2695,122.5,0,41,0,0,0,1,0,0,0,1,0,0,32.98,0,0,0
2026-08-05,2026-08-05 22:40:47,0,Juliett,日落之城,幻棱,Waylay,7,7,-19,49,18,5,10,13,4,1.077,2966,9,31,5,0.9,2054,114.1,0,51,1,0,1,1,0,0,0,2,0,0,29.66,0,0,0
2026-08-05,2026-08-05 22:07:59,0,Jam,莲华古城,壹决,Iso,7,7,-20,68,18,5,8,16,6,0.875,2827,3,30,5,0.375,1684,93.6,0,35,0,0,0,0,0,0,1,0,0,0,21.53,0,0,0
2026-08-05,2026-08-05 21:43:58,1,Foxtrot,微风岛屿,幻棱,Waylay,7,7,28,88,18,13,15,10,4,1.9,4036,9,38,3,0.6,2927,162.6,0,62,0,0,0,0,0,0,1,0,1,0,31.64,0,0,0
2026-07-31,2026-07-31 22:44:43,0,Juliett,日落之城,迷核,Miks,7,7,0,60,28,14,27,18,17,2.444,7546,15,62,5,0.556,4554,162.6,0,51,1,0,1,1,0,0,1,1,1,0,48.69,0,0,0
2026-07-29,2026-07-29 21:21:01,0,Foxtrot,微风岛屿,捷风,Jett,7,7,-30,60,18,5,8,17,2,0.588,2641,4,25,1,0.5,1998,111.0,0,44,2,1,0,0,0,0,0,0,0,0,27.87,0,0,0
2026-07-27,2026-07-27 23:10:26,0,Triad,隐世修所,捷风,Jett,7,7,0,90,28,14,17,21,6,1.095,4892,8,50,13,0.471,3399,121.4,0,42,2,0,1,0,0,0,1,0,1,0,49.67,0,0,0
2026-07-27,2026-07-27 22:18:33,1,Juliett,日落之城,捷风,Jett,7,7,17,90,23,13,14,17,8,1.294,4357,10,40,8,0.714,3505,152.4,0,56,2,0,1,0,0,0,1,1,0,0,40.0,0,0,0
2026-07-27,2026-07-27 21:35:33,0,Bonsai,霓虹町,捷风,Jett,7,7,-15,73,19,6,13,18,11,1.333,4761,7,66,3,0.538,3545,186.6,0,59,0,0,0,0,0,0,0,1,0,0,30.53,0,0,0
2026-07-27,2026-07-27 21:01:46,0,Plummet,天枢云阙,捷风,Jett,7,7,0,88,30,15,18,21,7,1.19,5773,12,55,9,0.667,4188,139.6,0,50,2,1,0,1,0,0,1,0,0,0,51.16,0,0,0
2026-07-27,2026-07-27 20:08:19,1,Foxtrot,微风岛屿,捷风,Jett,7,7,22,88,21,13,15,17,6,1.235,4620,4,49,0,0.267,2904,138.3,0,47,4,0,0,0,0,0,0,0,0,0,37.45,0,0,0
2026-07-24,2026-07-24 14:27:39,1,Plummet,天枢云阙,黑梦,Fade,7,7,36,66,18,13,23,11,5,2.545,5851,12,41,3,0.522,3630,201.7,0,93,2,3,1,1,0,0,1,2,1,0,27.85,1,0,0
2026-07-24,2026-07-24 12:24:39,0,Triad,隐世修所,暮蝶,Clove,0,0,0,0,26,12,26,27,5,1.148,7788,16,74,4,0.615,5653,217.4,0,69,2,1,0,0,0,0,0,1,0,0,48.86,0,0,0
2026-07-24,2026-07-24 11:32:46,0,Juliett,日落之城,芮娜,Reyna,0,0,0,0,23,10,29,18,6,1.944,8249,23,56,3,0.793,5367,233.3,0,78,7,1,0,0,1,0,0,2,1,1,40.68,1,0,1
2026-07-24,2026-07-24 10:50:05,1,Bonsai,霓虹町,贤者,Sage,0,0,0,0,24,13,19,19,12,1.632,5926,12,50,10,0.632,3963,165.1,0,48,3,2,0,0,0,0,0,0,0,0,37.09,0,0,0
